,lat,lng
0,5.125,117.125
1,5.125,117.375
2,5.125,117.625
3,5.125,117.875
4,5.125,118.125
5,5.125,118.375
6,5.125,118.625
7,5.125,118.875
8,5.125,119.125
9,5.125,119.375
10,5.125,119.625
11,5.125,119.875
12,5.125,120.125
13,5.125,120.375
14,5.125,120.625
15,5.125,120.875
16,5.125,121.125
17,5.125,121.375
18,5.125,121.625
19,5.125,121.875
20,5.125,122.125
21,5.125,122.375
22,5.125,122.625
23,5.125,122.875
24,5.125,123.125
25,5.125,123.375
26,5.125,123.625
27,5.125,123.875
28,5.125,124.125
29,5.125,124.375
30,5.125,124.625
31,5.125,124.875
32,5.125,125.125
33,5.125,125.375
34,5.125,125.625
35,5.125,125.875
36,5.125,126.125
37,5.125,126.375
38,5.125,126.625
39,5.125,126.875
40,5.375,117.125
41,5.375,117.375
42,5.375,117.625
43,5.375,117.875
44,5.375,118.125
45,5.375,118.375
46,5.375,118.625
47,5.375,118.875
48,5.375,119.125
49,5.375,119.375
50,5.375,119.625
51,5.375,119.875
52,5.375,120.125
53,5.375,120.375
54,5.375,120.625
55,5.375,120.875
56,5.375,121.125
57,5.375,121.375
58,5.375,121.625
59,5.375,121.875
60,5.375,122.125
61,5.375,122.375
62,5.375,122.625
63,5.375,122.875
64,5.375,123.125
65,5.375,123.375
66,5.375,123.625
67,5.375,123.875
68,5.375,124.125
69,5.375,124.375
70,5.375,124.625
71,5.375,124.875
72,5.375,125.125
73,5.375,125.375
74,5.375,125.625
75,5.375,125.875
76,5.375,126.125
77,5.375,126.375
78,5.375,126.625
79,5.375,126.875
80,5.625,117.125
81,5.625,117.375
82,5.625,117.625
83,5.625,117.875
84,5.625,118.125
85,5.625,118.375
86,5.625,118.625
87,5.625,118.875
88,5.625,119.125
89,5.625,119.375
90,5.625,119.625
91,5.625,119.875
92,5.625,120.125
93,5.625,120.375
94,5.625,120.625
95,5.625,120.875
96,5.625,121.125
97,5.625,121.375
98,5.625,121.625
99,5.625,121.875
100,5.625,122.125
101,5.625,122.375
102,5.625,122.625
103,5.625,122.875
104,5.625,123.125
105,5.625,123.375
106,5.625,123.625
107,5.625,123.875
108,5.625,124.125
109,5.625,124.375
110,5.625,124.625
111,5.625,124.875
112,5.625,125.125
113,5.625,125.375
114,5.625,125.625
115,5.625,125.875
116,5.625,126.125
117,5.625,126.375
118,5.625,126.625
119,5.625,126.875
120,5.875,117.125
121,5.875,117.375
122,5.875,117.625
123,5.875,117.875
124,5.875,118.125
125,5.875,118.375
126,5.875,118.625
127,5.875,118.875
128,5.875,119.125
129,5.875,119.375
130,5.875,119.625
131,5.875,119.875
132,5.875,120.125
133,5.875,120.375
134,5.875,120.625
135,5.875,120.875
136,5.875,121.125
137,5.875,121.375
138,5.875,121.625
139,5.875,121.875
140,5.875,122.125
141,5.875,122.375
142,5.875,122.625
143,5.875,122.875
144,5.875,123.125
145,5.875,123.375
146,5.875,123.625
147,5.875,123.875
148,5.875,124.125
149,5.875,124.375
150,5.875,124.625
151,5.875,124.875
152,5.875,125.125
153,5.875,125.375
154,5.875,125.625
155,5.875,125.875
156,5.875,126.125
157,5.875,126.375
158,5.875,126.625
159,5.875,126.875
160,6.125,117.125
161,6.125,117.375
162,6.125,117.625
163,6.125,117.875
164,6.125,118.125
165,6.125,118.375
166,6.125,118.625
167,6.125,118.875
168,6.125,119.125
169,6.125,119.375
170,6.125,119.625
171,6.125,119.875
172,6.125,120.125
173,6.125,120.375
174,6.125,120.625
175,6.125,120.875
176,6.125,121.125
177,6.125,121.375
178,6.125,121.625
179,6.125,121.875
180,6.125,122.125
181,6.125,122.375
182,6.125,122.625
183,6.125,122.875
184,6.125,123.125
185,6.125,123.375
186,6.125,123.625
187,6.125,123.875
188,6.125,124.125
189,6.125,124.375
190,6.125,124.625
191,6.125,124.875
192,6.125,125.125
193,6.125,125.375
194,6.125,125.625
195,6.125,125.875
196,6.125,126.125
197,6.125,126.375
198,6.125,126.625
199,6.125,126.875
200,6.375,117.125
201,6.375,117.375
202,6.375,117.625
203,6.375,117.875
204,6.375,118.125
205,6.375,118.375
206,6.375,118.625
207,6.375,118.875
208,6.375,119.125
209,6.375,119.375
210,6.375,119.625
211,6.375,119.875
212,6.375,120.125
213,6.375,120.375
214,6.375,120.625
215,6.375,120.875
216,6.375,121.125
217,6.375,121.375
218,6.375,121.625
219,6.375,121.875
220,6.375,122.125
221,6.375,122.375
222,6.375,122.625
223,6.375,122.875
224,6.375,123.125
225,6.375,123.375
226,6.375,123.625
227,6.375,123.875
228,6.375,124.125
229,6.375,124.375
230,6.375,124.625
231,6.375,124.875
232,6.375,125.125
233,6.375,125.375
234,6.375,125.625
235,6.375,125.875
236,6.375,126.125
237,6.375,126.375
238,6.375,126.625
239,6.375,126.875
240,6.625,117.125
241,6.625,117.375
242,6.625,117.625
243,6.625,117.875
244,6.625,118.125
245,6.625,118.375
246,6.625,118.625
247,6.625,118.875
248,6.625,119.125
249,6.625,119.375
250,6.625,119.625
251,6.625,119.875
252,6.625,120.125
253,6.625,120.375
254,6.625,120.625
255,6.625,120.875
256,6.625,121.125
257,6.625,121.375
258,6.625,121.625
259,6.625,121.875
260,6.625,122.125
261,6.625,122.375
262,6.625,122.625
263,6.625,122.875
264,6.625,123.125
265,6.625,123.375
266,6.625,123.625
267,6.625,123.875
268,6.625,124.125
269,6.625,124.375
270,6.625,124.625
271,6.625,124.875
272,6.625,125.125
273,6.625,125.375
274,6.625,125.625
275,6.625,125.875
276,6.625,126.125
277,6.625,126.375
278,6.625,126.625
279,6.625,126.875
280,6.875,117.125
281,6.875,117.375
282,6.875,117.625
283,6.875,117.875
284,6.875,118.125
285,6.875,118.375
286,6.875,118.625
287,6.875,118.875
288,6.875,119.125
289,6.875,119.375
290,6.875,119.625
291,6.875,119.875
292,6.875,120.125
293,6.875,120.375
294,6.875,120.625
295,6.875,120.875
296,6.875,121.125
297,6.875,121.375
298,6.875,121.625
299,6.875,121.875
300,6.875,122.125
301,6.875,122.375
302,6.875,122.625
303,6.875,122.875
304,6.875,123.125
305,6.875,123.375
306,6.875,123.625
307,6.875,123.875
308,6.875,124.125
309,6.875,124.375
310,6.875,124.625
311,6.875,124.875
312,6.875,125.125
313,6.875,125.375
314,6.875,125.625
315,6.875,125.875
316,6.875,126.125
317,6.875,126.375
318,6.875,126.625
319,6.875,126.875
320,7.125,117.125
321,7.125,117.375
322,7.125,117.625
323,7.125,117.875
324,7.125,118.125
325,7.125,118.375
326,7.125,118.625
327,7.125,118.875
328,7.125,119.125
329,7.125,119.375
330,7.125,119.625
331,7.125,119.875
332,7.125,120.125
333,7.125,120.375
334,7.125,120.625
335,7.125,120.875
336,7.125,121.125
337,7.125,121.375
338,7.125,121.625
339,7.125,121.875
340,7.125,122.125
341,7.125,122.375
342,7.125,122.625
343,7.125,122.875
344,7.125,123.125
345,7.125,123.375
346,7.125,123.625
347,7.125,123.875
348,7.125,124.125
349,7.125,124.375
350,7.125,124.625
351,7.125,124.875
352,7.125,125.125
353,7.125,125.375
354,7.125,125.625
355,7.125,125.875
356,7.125,126.125
357,7.125,126.375
358,7.125,126.625
359,7.125,126.875
360,7.375,117.125
361,7.375,117.375
362,7.375,117.625
363,7.375,117.875
364,7.375,118.125
365,7.375,118.375
366,7.375,118.625
367,7.375,118.875
368,7.375,119.125
369,7.375,119.375
370,7.375,119.625
371,7.375,119.875
372,7.375,120.125
373,7.375,120.375
374,7.375,120.625
375,7.375,120.875
376,7.375,121.125
377,7.375,121.375
378,7.375,121.625
379,7.375,121.875
380,7.375,122.125
381,7.375,122.375
382,7.375,122.625
383,7.375,122.875
384,7.375,123.125
385,7.375,123.375
386,7.375,123.625
387,7.375,123.875
388,7.375,124.125
389,7.375,124.375
390,7.375,124.625
391,7.375,124.875
392,7.375,125.125
393,7.375,125.375
394,7.375,125.625
395,7.375,125.875
396,7.375,126.125
397,7.375,126.375
398,7.375,126.625
399,7.375,126.875
400,7.625,117.125
401,7.625,117.375
402,7.625,117.625
403,7.625,117.875
404,7.625,118.125
405,7.625,118.375
406,7.625,118.625
407,7.625,118.875
408,7.625,119.125
409,7.625,119.375
410,7.625,119.625
411,7.625,119.875
412,7.625,120.125
413,7.625,120.375
414,7.625,120.625
415,7.625,120.875
416,7.625,121.125
417,7.625,121.375
418,7.625,121.625
419,7.625,121.875
420,7.625,122.125
421,7.625,122.375
422,7.625,122.625
423,7.625,122.875
424,7.625,123.125
425,7.625,123.375
426,7.625,123.625
427,7.625,123.875
428,7.625,124.125
429,7.625,124.375
430,7.625,124.625
431,7.625,124.875
432,7.625,125.125
433,7.625,125.375
434,7.625,125.625
435,7.625,125.875
436,7.625,126.125
437,7.625,126.375
438,7.625,126.625
439,7.625,126.875
440,7.875,117.125
441,7.875,117.375
442,7.875,117.625
443,7.875,117.875
444,7.875,118.125
445,7.875,118.375
446,7.875,118.625
447,7.875,118.875
448,7.875,119.125
449,7.875,119.375
450,7.875,119.625
451,7.875,119.875
452,7.875,120.125
453,7.875,120.375
454,7.875,120.625
455,7.875,120.875
456,7.875,121.125
457,7.875,121.375
458,7.875,121.625
459,7.875,121.875
460,7.875,122.125
461,7.875,122.375
462,7.875,122.625
463,7.875,122.875
464,7.875,123.125
465,7.875,123.375
466,7.875,123.625
467,7.875,123.875
468,7.875,124.125
469,7.875,124.375
470,7.875,124.625
471,7.875,124.875
472,7.875,125.125
473,7.875,125.375
474,7.875,125.625
475,7.875,125.875
476,7.875,126.125
477,7.875,126.375
478,7.875,126.625
479,7.875,126.875
480,8.125,117.125
481,8.125,117.375
482,8.125,117.625
483,8.125,117.875
484,8.125,118.125
485,8.125,118.375
486,8.125,118.625
487,8.125,118.875
488,8.125,119.125
489,8.125,119.375
490,8.125,119.625
491,8.125,119.875
492,8.125,120.125
493,8.125,120.375
494,8.125,120.625
495,8.125,120.875
496,8.125,121.125
497,8.125,121.375
498,8.125,121.625
499,8.125,121.875
500,8.125,122.125
501,8.125,122.375
502,8.125,122.625
503,8.125,122.875
504,8.125,123.125
505,8.125,123.375
506,8.125,123.625
507,8.125,123.875
508,8.125,124.125
509,8.125,124.375
510,8.125,124.625
511,8.125,124.875
512,8.125,125.125
513,8.125,125.375
514,8.125,125.625
515,8.125,125.875
516,8.125,126.125
517,8.125,126.375
518,8.125,126.625
519,8.125,126.875
520,8.375,117.125
521,8.375,117.375
522,8.375,117.625
523,8.375,117.875
524,8.375,118.125
525,8.375,118.375
526,8.375,118.625
527,8.375,118.875
528,8.375,119.125
529,8.375,119.375
530,8.375,119.625
531,8.375,119.875
532,8.375,120.125
533,8.375,120.375
534,8.375,120.625
535,8.375,120.875
536,8.375,121.125
537,8.375,121.375
538,8.375,121.625
539,8.375,121.875
540,8.375,122.125
541,8.375,122.375
542,8.375,122.625
543,8.375,122.875
544,8.375,123.125
545,8.375,123.375
546,8.375,123.625
547,8.375,123.875
548,8.375,124.125
549,8.375,124.375
550,8.375,124.625
551,8.375,124.875
552,8.375,125.125
553,8.375,125.375
554,8.375,125.625
555,8.375,125.875
556,8.375,126.125
557,8.375,126.375
558,8.375,126.625
559,8.375,126.875
560,8.625,117.125
561,8.625,117.375
562,8.625,117.625
563,8.625,117.875
564,8.625,118.125
565,8.625,118.375
566,8.625,118.625
567,8.625,118.875
568,8.625,119.125
569,8.625,119.375
570,8.625,119.625
571,8.625,119.875
572,8.625,120.125
573,8.625,120.375
574,8.625,120.625
575,8.625,120.875
576,8.625,121.125
577,8.625,121.375
578,8.625,121.625
579,8.625,121.875
580,8.625,122.125
581,8.625,122.375
582,8.625,122.625
583,8.625,122.875
584,8.625,123.125
585,8.625,123.375
586,8.625,123.625
587,8.625,123.875
588,8.625,124.125
589,8.625,124.375
590,8.625,124.625
591,8.625,124.875
592,8.625,125.125
593,8.625,125.375
594,8.625,125.625
595,8.625,125.875
596,8.625,126.125
597,8.625,126.375
598,8.625,126.625
599,8.625,126.875
600,8.875,117.125
601,8.875,117.375
602,8.875,117.625
603,8.875,117.875
604,8.875,118.125
605,8.875,118.375
606,8.875,118.625
607,8.875,118.875
608,8.875,119.125
609,8.875,119.375
610,8.875,119.625
611,8.875,119.875
612,8.875,120.125
613,8.875,120.375
614,8.875,120.625
615,8.875,120.875
616,8.875,121.125
617,8.875,121.375
618,8.875,121.625
619,8.875,121.875
620,8.875,122.125
621,8.875,122.375
622,8.875,122.625
623,8.875,122.875
624,8.875,123.125
625,8.875,123.375
626,8.875,123.625
627,8.875,123.875
628,8.875,124.125
629,8.875,124.375
630,8.875,124.625
631,8.875,124.875
632,8.875,125.125
633,8.875,125.375
634,8.875,125.625
635,8.875,125.875
636,8.875,126.125
637,8.875,126.375
638,8.875,126.625
639,8.875,126.875
640,9.125,117.125
641,9.125,117.375
642,9.125,117.625
643,9.125,117.875
644,9.125,118.125
645,9.125,118.375
646,9.125,118.625
647,9.125,118.875
648,9.125,119.125
649,9.125,119.375
650,9.125,119.625
651,9.125,119.875
652,9.125,120.125
653,9.125,120.375
654,9.125,120.625
655,9.125,120.875
656,9.125,121.125
657,9.125,121.375
658,9.125,121.625
659,9.125,121.875
660,9.125,122.125
661,9.125,122.375
662,9.125,122.625
663,9.125,122.875
664,9.125,123.125
665,9.125,123.375
666,9.125,123.625
667,9.125,123.875
668,9.125,124.125
669,9.125,124.375
670,9.125,124.625
671,9.125,124.875
672,9.125,125.125
673,9.125,125.375
674,9.125,125.625
675,9.125,125.875
676,9.125,126.125
677,9.125,126.375
678,9.125,126.625
679,9.125,126.875
680,9.375,117.125
681,9.375,117.375
682,9.375,117.625
683,9.375,117.875
684,9.375,118.125
685,9.375,118.375
686,9.375,118.625
687,9.375,118.875
688,9.375,119.125
689,9.375,119.375
690,9.375,119.625
691,9.375,119.875
692,9.375,120.125
693,9.375,120.375
694,9.375,120.625
695,9.375,120.875
696,9.375,121.125
697,9.375,121.375
698,9.375,121.625
699,9.375,121.875
700,9.375,122.125
701,9.375,122.375
702,9.375,122.625
703,9.375,122.875
704,9.375,123.125
705,9.375,123.375
706,9.375,123.625
707,9.375,123.875
708,9.375,124.125
709,9.375,124.375
710,9.375,124.625
711,9.375,124.875
712,9.375,125.125
713,9.375,125.375
714,9.375,125.625
715,9.375,125.875
716,9.375,126.125
717,9.375,126.375
718,9.375,126.625
719,9.375,126.875
720,9.625,117.125
721,9.625,117.375
722,9.625,117.625
723,9.625,117.875
724,9.625,118.125
725,9.625,118.375
726,9.625,118.625
727,9.625,118.875
728,9.625,119.125
729,9.625,119.375
730,9.625,119.625
731,9.625,119.875
732,9.625,120.125
733,9.625,120.375
734,9.625,120.625
735,9.625,120.875
736,9.625,121.125
737,9.625,121.375
738,9.625,121.625
739,9.625,121.875
740,9.625,122.125
741,9.625,122.375
742,9.625,122.625
743,9.625,122.875
744,9.625,123.125
745,9.625,123.375
746,9.625,123.625
747,9.625,123.875
748,9.625,124.125
749,9.625,124.375
750,9.625,124.625
751,9.625,124.875
752,9.625,125.125
753,9.625,125.375
754,9.625,125.625
755,9.625,125.875
756,9.625,126.125
757,9.625,126.375
758,9.625,126.625
759,9.625,126.875
760,9.875,117.125
761,9.875,117.375
762,9.875,117.625
763,9.875,117.875
764,9.875,118.125
765,9.875,118.375
766,9.875,118.625
767,9.875,118.875
768,9.875,119.125
769,9.875,119.375
770,9.875,119.625
771,9.875,119.875
772,9.875,120.125
773,9.875,120.375
774,9.875,120.625
775,9.875,120.875
776,9.875,121.125
777,9.875,121.375
778,9.875,121.625
779,9.875,121.875
780,9.875,122.125
781,9.875,122.375
782,9.875,122.625
783,9.875,122.875
784,9.875,123.125
785,9.875,123.375
786,9.875,123.625
787,9.875,123.875
788,9.875,124.125
789,9.875,124.375
790,9.875,124.625
791,9.875,124.875
792,9.875,125.125
793,9.875,125.375
794,9.875,125.625
795,9.875,125.875
796,9.875,126.125
797,9.875,126.375
798,9.875,126.625
799,9.875,126.875
800,10.125,117.125
801,10.125,117.375
802,10.125,117.625
803,10.125,117.875
804,10.125,118.125
805,10.125,118.375
806,10.125,118.625
807,10.125,118.875
808,10.125,119.125
809,10.125,119.375
810,10.125,119.625
811,10.125,119.875
812,10.125,120.125
813,10.125,120.375
814,10.125,120.625
815,10.125,120.875
816,10.125,121.125
817,10.125,121.375
818,10.125,121.625
819,10.125,121.875
820,10.125,122.125
821,10.125,122.375
822,10.125,122.625
823,10.125,122.875
824,10.125,123.125
825,10.125,123.375
826,10.125,123.625
827,10.125,123.875
828,10.125,124.125
829,10.125,124.375
830,10.125,124.625
831,10.125,124.875
832,10.125,125.125
833,10.125,125.375
834,10.125,125.625
835,10.125,125.875
836,10.125,126.125
837,10.125,126.375
838,10.125,126.625
839,10.125,126.875
840,10.375,117.125
841,10.375,117.375
842,10.375,117.625
843,10.375,117.875
844,10.375,118.125
845,10.375,118.375
846,10.375,118.625
847,10.375,118.875
848,10.375,119.125
849,10.375,119.375
850,10.375,119.625
851,10.375,119.875
852,10.375,120.125
853,10.375,120.375
854,10.375,120.625
855,10.375,120.875
856,10.375,121.125
857,10.375,121.375
858,10.375,121.625
859,10.375,121.875
860,10.375,122.125
861,10.375,122.375
862,10.375,122.625
863,10.375,122.875
864,10.375,123.125
865,10.375,123.375
866,10.375,123.625
867,10.375,123.875
868,10.375,124.125
869,10.375,124.375
870,10.375,124.625
871,10.375,124.875
872,10.375,125.125
873,10.375,125.375
874,10.375,125.625
875,10.375,125.875
876,10.375,126.125
877,10.375,126.375
878,10.375,126.625
879,10.375,126.875
880,10.625,117.125
881,10.625,117.375
882,10.625,117.625
883,10.625,117.875
884,10.625,118.125
885,10.625,118.375
886,10.625,118.625
887,10.625,118.875
888,10.625,119.125
889,10.625,119.375
890,10.625,119.625
891,10.625,119.875
892,10.625,120.125
893,10.625,120.375
894,10.625,120.625
895,10.625,120.875
896,10.625,121.125
897,10.625,121.375
898,10.625,121.625
899,10.625,121.875
900,10.625,122.125
901,10.625,122.375
902,10.625,122.625
903,10.625,122.875
904,10.625,123.125
905,10.625,123.375
906,10.625,123.625
907,10.625,123.875
908,10.625,124.125
909,10.625,124.375
910,10.625,124.625
911,10.625,124.875
912,10.625,125.125
913,10.625,125.375
914,10.625,125.625
915,10.625,125.875
916,10.625,126.125
917,10.625,126.375
918,10.625,126.625
919,10.625,126.875
920,10.875,117.125
921,10.875,117.375
922,10.875,117.625
923,10.875,117.875
924,10.875,118.125
925,10.875,118.375
926,10.875,118.625
927,10.875,118.875
928,10.875,119.125
929,10.875,119.375
930,10.875,119.625
931,10.875,119.875
932,10.875,120.125
933,10.875,120.375
934,10.875,120.625
935,10.875,120.875
936,10.875,121.125
937,10.875,121.375
938,10.875,121.625
939,10.875,121.875
940,10.875,122.125
941,10.875,122.375
942,10.875,122.625
943,10.875,122.875
944,10.875,123.125
945,10.875,123.375
946,10.875,123.625
947,10.875,123.875
948,10.875,124.125
949,10.875,124.375
950,10.875,124.625
951,10.875,124.875
952,10.875,125.125
953,10.875,125.375
954,10.875,125.625
955,10.875,125.875
956,10.875,126.125
957,10.875,126.375
958,10.875,126.625
959,10.875,126.875
960,11.125,117.125
961,11.125,117.375
962,11.125,117.625
963,11.125,117.875
964,11.125,118.125
965,11.125,118.375
966,11.125,118.625
967,11.125,118.875
968,11.125,119.125
969,11.125,119.375
970,11.125,119.625
971,11.125,119.875
972,11.125,120.125
973,11.125,120.375
974,11.125,120.625
975,11.125,120.875
976,11.125,121.125
977,11.125,121.375
978,11.125,121.625
979,11.125,121.875
980,11.125,122.125
981,11.125,122.375
982,11.125,122.625
983,11.125,122.875
984,11.125,123.125
985,11.125,123.375
986,11.125,123.625
987,11.125,123.875
988,11.125,124.125
989,11.125,124.375
990,11.125,124.625
991,11.125,124.875
992,11.125,125.125
993,11.125,125.375
994,11.125,125.625
995,11.125,125.875
996,11.125,126.125
997,11.125,126.375
998,11.125,126.625
999,11.125,126.875
1000,11.375,117.125
1001,11.375,117.375
1002,11.375,117.625
1003,11.375,117.875
1004,11.375,118.125
1005,11.375,118.375
1006,11.375,118.625
1007,11.375,118.875
1008,11.375,119.125
1009,11.375,119.375
1010,11.375,119.625
1011,11.375,119.875
1012,11.375,120.125
1013,11.375,120.375
1014,11.375,120.625
1015,11.375,120.875
1016,11.375,121.125
1017,11.375,121.375
1018,11.375,121.625
1019,11.375,121.875
1020,11.375,122.125
1021,11.375,122.375
1022,11.375,122.625
1023,11.375,122.875
1024,11.375,123.125
1025,11.375,123.375
1026,11.375,123.625
1027,11.375,123.875
1028,11.375,124.125
1029,11.375,124.375
1030,11.375,124.625
1031,11.375,124.875
1032,11.375,125.125
1033,11.375,125.375
1034,11.375,125.625
1035,11.375,125.875
1036,11.375,126.125
1037,11.375,126.375
1038,11.375,126.625
1039,11.375,126.875
1040,11.625,117.125
1041,11.625,117.375
1042,11.625,117.625
1043,11.625,117.875
1044,11.625,118.125
1045,11.625,118.375
1046,11.625,118.625
1047,11.625,118.875
1048,11.625,119.125
1049,11.625,119.375
1050,11.625,119.625
1051,11.625,119.875
1052,11.625,120.125
1053,11.625,120.375
1054,11.625,120.625
1055,11.625,120.875
1056,11.625,121.125
1057,11.625,121.375
1058,11.625,121.625
1059,11.625,121.875
1060,11.625,122.125
1061,11.625,122.375
1062,11.625,122.625
1063,11.625,122.875
1064,11.625,123.125
1065,11.625,123.375
1066,11.625,123.625
1067,11.625,123.875
1068,11.625,124.125
1069,11.625,124.375
1070,11.625,124.625
1071,11.625,124.875
1072,11.625,125.125
1073,11.625,125.375
1074,11.625,125.625
1075,11.625,125.875
1076,11.625,126.125
1077,11.625,126.375
1078,11.625,126.625
1079,11.625,126.875
1080,11.875,117.125
1081,11.875,117.375
1082,11.875,117.625
1083,11.875,117.875
1084,11.875,118.125
1085,11.875,118.375
1086,11.875,118.625
1087,11.875,118.875
1088,11.875,119.125
1089,11.875,119.375
1090,11.875,119.625
1091,11.875,119.875
1092,11.875,120.125
1093,11.875,120.375
1094,11.875,120.625
1095,11.875,120.875
1096,11.875,121.125
1097,11.875,121.375
1098,11.875,121.625
1099,11.875,121.875
1100,11.875,122.125
1101,11.875,122.375
1102,11.875,122.625
1103,11.875,122.875
1104,11.875,123.125
1105,11.875,123.375
1106,11.875,123.625
1107,11.875,123.875
1108,11.875,124.125
1109,11.875,124.375
1110,11.875,124.625
1111,11.875,124.875
1112,11.875,125.125
1113,11.875,125.375
1114,11.875,125.625
1115,11.875,125.875
1116,11.875,126.125
1117,11.875,126.375
1118,11.875,126.625
1119,11.875,126.875
1120,12.125,117.125
1121,12.125,117.375
1122,12.125,117.625
1123,12.125,117.875
1124,12.125,118.125
1125,12.125,118.375
1126,12.125,118.625
1127,12.125,118.875
1128,12.125,119.125
1129,12.125,119.375
1130,12.125,119.625
1131,12.125,119.875
1132,12.125,120.125
1133,12.125,120.375
1134,12.125,120.625
1135,12.125,120.875
1136,12.125,121.125
1137,12.125,121.375
1138,12.125,121.625
1139,12.125,121.875
1140,12.125,122.125
1141,12.125,122.375
1142,12.125,122.625
1143,12.125,122.875
1144,12.125,123.125
1145,12.125,123.375
1146,12.125,123.625
1147,12.125,123.875
1148,12.125,124.125
1149,12.125,124.375
1150,12.125,124.625
1151,12.125,124.875
1152,12.125,125.125
1153,12.125,125.375
1154,12.125,125.625
1155,12.125,125.875
1156,12.125,126.125
1157,12.125,126.375
1158,12.125,126.625
1159,12.125,126.875
1160,12.375,117.125
1161,12.375,117.375
1162,12.375,117.625
1163,12.375,117.875
1164,12.375,118.125
1165,12.375,118.375
1166,12.375,118.625
1167,12.375,118.875
1168,12.375,119.125
1169,12.375,119.375
1170,12.375,119.625
1171,12.375,119.875
1172,12.375,120.125
1173,12.375,120.375
1174,12.375,120.625
1175,12.375,120.875
1176,12.375,121.125
1177,12.375,121.375
1178,12.375,121.625
1179,12.375,121.875
1180,12.375,122.125
1181,12.375,122.375
1182,12.375,122.625
1183,12.375,122.875
1184,12.375,123.125
1185,12.375,123.375
1186,12.375,123.625
1187,12.375,123.875
1188,12.375,124.125
1189,12.375,124.375
1190,12.375,124.625
1191,12.375,124.875
1192,12.375,125.125
1193,12.375,125.375
1194,12.375,125.625
1195,12.375,125.875
1196,12.375,126.125
1197,12.375,126.375
1198,12.375,126.625
1199,12.375,126.875
1200,12.625,117.125
1201,12.625,117.375
1202,12.625,117.625
1203,12.625,117.875
1204,12.625,118.125
1205,12.625,118.375
1206,12.625,118.625
1207,12.625,118.875
1208,12.625,119.125
1209,12.625,119.375
1210,12.625,119.625
1211,12.625,119.875
1212,12.625,120.125
1213,12.625,120.375
1214,12.625,120.625
1215,12.625,120.875
1216,12.625,121.125
1217,12.625,121.375
1218,12.625,121.625
1219,12.625,121.875
1220,12.625,122.125
1221,12.625,122.375
1222,12.625,122.625
1223,12.625,122.875
1224,12.625,123.125
1225,12.625,123.375
1226,12.625,123.625
1227,12.625,123.875
1228,12.625,124.125
1229,12.625,124.375
1230,12.625,124.625
1231,12.625,124.875
1232,12.625,125.125
1233,12.625,125.375
1234,12.625,125.625
1235,12.625,125.875
1236,12.625,126.125
1237,12.625,126.375
1238,12.625,126.625
1239,12.625,126.875
1240,12.875,117.125
1241,12.875,117.375
1242,12.875,117.625
1243,12.875,117.875
1244,12.875,118.125
1245,12.875,118.375
1246,12.875,118.625
1247,12.875,118.875
1248,12.875,119.125
1249,12.875,119.375
1250,12.875,119.625
1251,12.875,119.875
1252,12.875,120.125
1253,12.875,120.375
1254,12.875,120.625
1255,12.875,120.875
1256,12.875,121.125
1257,12.875,121.375
1258,12.875,121.625
1259,12.875,121.875
1260,12.875,122.125
1261,12.875,122.375
1262,12.875,122.625
1263,12.875,122.875
1264,12.875,123.125
1265,12.875,123.375
1266,12.875,123.625
1267,12.875,123.875
1268,12.875,124.125
1269,12.875,124.375
1270,12.875,124.625
1271,12.875,124.875
1272,12.875,125.125
1273,12.875,125.375
1274,12.875,125.625
1275,12.875,125.875
1276,12.875,126.125
1277,12.875,126.375
1278,12.875,126.625
1279,12.875,126.875
1280,13.125,117.125
1281,13.125,117.375
1282,13.125,117.625
1283,13.125,117.875
1284,13.125,118.125
1285,13.125,118.375
1286,13.125,118.625
1287,13.125,118.875
1288,13.125,119.125
1289,13.125,119.375
1290,13.125,119.625
1291,13.125,119.875
1292,13.125,120.125
1293,13.125,120.375
1294,13.125,120.625
1295,13.125,120.875
1296,13.125,121.125
1297,13.125,121.375
1298,13.125,121.625
1299,13.125,121.875
1300,13.125,122.125
1301,13.125,122.375
1302,13.125,122.625
1303,13.125,122.875
1304,13.125,123.125
1305,13.125,123.375
1306,13.125,123.625
1307,13.125,123.875
1308,13.125,124.125
1309,13.125,124.375
1310,13.125,124.625
1311,13.125,124.875
1312,13.125,125.125
1313,13.125,125.375
1314,13.125,125.625
1315,13.125,125.875
1316,13.125,126.125
1317,13.125,126.375
1318,13.125,126.625
1319,13.125,126.875
1320,13.375,117.125
1321,13.375,117.375
1322,13.375,117.625
1323,13.375,117.875
1324,13.375,118.125
1325,13.375,118.375
1326,13.375,118.625
1327,13.375,118.875
1328,13.375,119.125
1329,13.375,119.375
1330,13.375,119.625
1331,13.375,119.875
1332,13.375,120.125
1333,13.375,120.375
1334,13.375,120.625
1335,13.375,120.875
1336,13.375,121.125
1337,13.375,121.375
1338,13.375,121.625
1339,13.375,121.875
1340,13.375,122.125
1341,13.375,122.375
1342,13.375,122.625
1343,13.375,122.875
1344,13.375,123.125
1345,13.375,123.375
1346,13.375,123.625
1347,13.375,123.875
1348,13.375,124.125
1349,13.375,124.375
1350,13.375,124.625
1351,13.375,124.875
1352,13.375,125.125
1353,13.375,125.375
1354,13.375,125.625
1355,13.375,125.875
1356,13.375,126.125
1357,13.375,126.375
1358,13.375,126.625
1359,13.375,126.875
1360,13.625,117.125
1361,13.625,117.375
1362,13.625,117.625
1363,13.625,117.875
1364,13.625,118.125
1365,13.625,118.375
1366,13.625,118.625
1367,13.625,118.875
1368,13.625,119.125
1369,13.625,119.375
1370,13.625,119.625
1371,13.625,119.875
1372,13.625,120.125
1373,13.625,120.375
1374,13.625,120.625
1375,13.625,120.875
1376,13.625,121.125
1377,13.625,121.375
1378,13.625,121.625
1379,13.625,121.875
1380,13.625,122.125
1381,13.625,122.375
1382,13.625,122.625
1383,13.625,122.875
1384,13.625,123.125
1385,13.625,123.375
1386,13.625,123.625
1387,13.625,123.875
1388,13.625,124.125
1389,13.625,124.375
1390,13.625,124.625
1391,13.625,124.875
1392,13.625,125.125
1393,13.625,125.375
1394,13.625,125.625
1395,13.625,125.875
1396,13.625,126.125
1397,13.625,126.375
1398,13.625,126.625
1399,13.625,126.875
1400,13.875,117.125
1401,13.875,117.375
1402,13.875,117.625
1403,13.875,117.875
1404,13.875,118.125
1405,13.875,118.375
1406,13.875,118.625
1407,13.875,118.875
1408,13.875,119.125
1409,13.875,119.375
1410,13.875,119.625
1411,13.875,119.875
1412,13.875,120.125
1413,13.875,120.375
1414,13.875,120.625
1415,13.875,120.875
1416,13.875,121.125
1417,13.875,121.375
1418,13.875,121.625
1419,13.875,121.875
1420,13.875,122.125
1421,13.875,122.375
1422,13.875,122.625
1423,13.875,122.875
1424,13.875,123.125
1425,13.875,123.375
1426,13.875,123.625
1427,13.875,123.875
1428,13.875,124.125
1429,13.875,124.375
1430,13.875,124.625
1431,13.875,124.875
1432,13.875,125.125
1433,13.875,125.375
1434,13.875,125.625
1435,13.875,125.875
1436,13.875,126.125
1437,13.875,126.375
1438,13.875,126.625
1439,13.875,126.875
1440,14.125,117.125
1441,14.125,117.375
1442,14.125,117.625
1443,14.125,117.875
1444,14.125,118.125
1445,14.125,118.375
1446,14.125,118.625
1447,14.125,118.875
1448,14.125,119.125
1449,14.125,119.375
1450,14.125,119.625
1451,14.125,119.875
1452,14.125,120.125
1453,14.125,120.375
1454,14.125,120.625
1455,14.125,120.875
1456,14.125,121.125
1457,14.125,121.375
1458,14.125,121.625
1459,14.125,121.875
1460,14.125,122.125
1461,14.125,122.375
1462,14.125,122.625
1463,14.125,122.875
1464,14.125,123.125
1465,14.125,123.375
1466,14.125,123.625
1467,14.125,123.875
1468,14.125,124.125
1469,14.125,124.375
1470,14.125,124.625
1471,14.125,124.875
1472,14.125,125.125
1473,14.125,125.375
1474,14.125,125.625
1475,14.125,125.875
1476,14.125,126.125
1477,14.125,126.375
1478,14.125,126.625
1479,14.125,126.875
1480,14.375,117.125
1481,14.375,117.375
1482,14.375,117.625
1483,14.375,117.875
1484,14.375,118.125
1485,14.375,118.375
1486,14.375,118.625
1487,14.375,118.875
1488,14.375,119.125
1489,14.375,119.375
1490,14.375,119.625
1491,14.375,119.875
1492,14.375,120.125
1493,14.375,120.375
1494,14.375,120.625
1495,14.375,120.875
1496,14.375,121.125
1497,14.375,121.375
1498,14.375,121.625
1499,14.375,121.875
1500,14.375,122.125
1501,14.375,122.375
1502,14.375,122.625
1503,14.375,122.875
1504,14.375,123.125
1505,14.375,123.375
1506,14.375,123.625
1507,14.375,123.875
1508,14.375,124.125
1509,14.375,124.375
1510,14.375,124.625
1511,14.375,124.875
1512,14.375,125.125
1513,14.375,125.375
1514,14.375,125.625
1515,14.375,125.875
1516,14.375,126.125
1517,14.375,126.375
1518,14.375,126.625
1519,14.375,126.875
1520,14.625,117.125
1521,14.625,117.375
1522,14.625,117.625
1523,14.625,117.875
1524,14.625,118.125
1525,14.625,118.375
1526,14.625,118.625
1527,14.625,118.875
1528,14.625,119.125
1529,14.625,119.375
1530,14.625,119.625
1531,14.625,119.875
1532,14.625,120.125
1533,14.625,120.375
1534,14.625,120.625
1535,14.625,120.875
1536,14.625,121.125
1537,14.625,121.375
1538,14.625,121.625
1539,14.625,121.875
1540,14.625,122.125
1541,14.625,122.375
1542,14.625,122.625
1543,14.625,122.875
1544,14.625,123.125
1545,14.625,123.375
1546,14.625,123.625
1547,14.625,123.875
1548,14.625,124.125
1549,14.625,124.375
1550,14.625,124.625
1551,14.625,124.875
1552,14.625,125.125
1553,14.625,125.375
1554,14.625,125.625
1555,14.625,125.875
1556,14.625,126.125
1557,14.625,126.375
1558,14.625,126.625
1559,14.625,126.875
1560,14.875,117.125
1561,14.875,117.375
1562,14.875,117.625
1563,14.875,117.875
1564,14.875,118.125
1565,14.875,118.375
1566,14.875,118.625
1567,14.875,118.875
1568,14.875,119.125
1569,14.875,119.375
1570,14.875,119.625
1571,14.875,119.875
1572,14.875,120.125
1573,14.875,120.375
1574,14.875,120.625
1575,14.875,120.875
1576,14.875,121.125
1577,14.875,121.375
1578,14.875,121.625
1579,14.875,121.875
1580,14.875,122.125
1581,14.875,122.375
1582,14.875,122.625
1583,14.875,122.875
1584,14.875,123.125
1585,14.875,123.375
1586,14.875,123.625
1587,14.875,123.875
1588,14.875,124.125
1589,14.875,124.375
1590,14.875,124.625
1591,14.875,124.875
1592,14.875,125.125
1593,14.875,125.375
1594,14.875,125.625
1595,14.875,125.875
1596,14.875,126.125
1597,14.875,126.375
1598,14.875,126.625
1599,14.875,126.875
1600,15.125,117.125
1601,15.125,117.375
1602,15.125,117.625
1603,15.125,117.875
1604,15.125,118.125
1605,15.125,118.375
1606,15.125,118.625
1607,15.125,118.875
1608,15.125,119.125
1609,15.125,119.375
1610,15.125,119.625
1611,15.125,119.875
1612,15.125,120.125
1613,15.125,120.375
1614,15.125,120.625
1615,15.125,120.875
1616,15.125,121.125
1617,15.125,121.375
1618,15.125,121.625
1619,15.125,121.875
1620,15.125,122.125
1621,15.125,122.375
1622,15.125,122.625
1623,15.125,122.875
1624,15.125,123.125
1625,15.125,123.375
1626,15.125,123.625
1627,15.125,123.875
1628,15.125,124.125
1629,15.125,124.375
1630,15.125,124.625
1631,15.125,124.875
1632,15.125,125.125
1633,15.125,125.375
1634,15.125,125.625
1635,15.125,125.875
1636,15.125,126.125
1637,15.125,126.375
1638,15.125,126.625
1639,15.125,126.875
1640,15.375,117.125
1641,15.375,117.375
1642,15.375,117.625
1643,15.375,117.875
1644,15.375,118.125
1645,15.375,118.375
1646,15.375,118.625
1647,15.375,118.875
1648,15.375,119.125
1649,15.375,119.375
1650,15.375,119.625
1651,15.375,119.875
1652,15.375,120.125
1653,15.375,120.375
1654,15.375,120.625
1655,15.375,120.875
1656,15.375,121.125
1657,15.375,121.375
1658,15.375,121.625
1659,15.375,121.875
1660,15.375,122.125
1661,15.375,122.375
1662,15.375,122.625
1663,15.375,122.875
1664,15.375,123.125
1665,15.375,123.375
1666,15.375,123.625
1667,15.375,123.875
1668,15.375,124.125
1669,15.375,124.375
1670,15.375,124.625
1671,15.375,124.875
1672,15.375,125.125
1673,15.375,125.375
1674,15.375,125.625
1675,15.375,125.875
1676,15.375,126.125
1677,15.375,126.375
1678,15.375,126.625
1679,15.375,126.875
1680,15.625,117.125
1681,15.625,117.375
1682,15.625,117.625
1683,15.625,117.875
1684,15.625,118.125
1685,15.625,118.375
1686,15.625,118.625
1687,15.625,118.875
1688,15.625,119.125
1689,15.625,119.375
1690,15.625,119.625
1691,15.625,119.875
1692,15.625,120.125
1693,15.625,120.375
1694,15.625,120.625
1695,15.625,120.875
1696,15.625,121.125
1697,15.625,121.375
1698,15.625,121.625
1699,15.625,121.875
1700,15.625,122.125
1701,15.625,122.375
1702,15.625,122.625
1703,15.625,122.875
1704,15.625,123.125
1705,15.625,123.375
1706,15.625,123.625
1707,15.625,123.875
1708,15.625,124.125
1709,15.625,124.375
1710,15.625,124.625
1711,15.625,124.875
1712,15.625,125.125
1713,15.625,125.375
1714,15.625,125.625
1715,15.625,125.875
1716,15.625,126.125
1717,15.625,126.375
1718,15.625,126.625
1719,15.625,126.875
1720,15.875,117.125
1721,15.875,117.375
1722,15.875,117.625
1723,15.875,117.875
1724,15.875,118.125
1725,15.875,118.375
1726,15.875,118.625
1727,15.875,118.875
1728,15.875,119.125
1729,15.875,119.375
1730,15.875,119.625
1731,15.875,119.875
1732,15.875,120.125
1733,15.875,120.375
1734,15.875,120.625
1735,15.875,120.875
1736,15.875,121.125
1737,15.875,121.375
1738,15.875,121.625
1739,15.875,121.875
1740,15.875,122.125
1741,15.875,122.375
1742,15.875,122.625
1743,15.875,122.875
1744,15.875,123.125
1745,15.875,123.375
1746,15.875,123.625
1747,15.875,123.875
1748,15.875,124.125
1749,15.875,124.375
1750,15.875,124.625
1751,15.875,124.875
1752,15.875,125.125
1753,15.875,125.375
1754,15.875,125.625
1755,15.875,125.875
1756,15.875,126.125
1757,15.875,126.375
1758,15.875,126.625
1759,15.875,126.875
1760,16.125,117.125
1761,16.125,117.375
1762,16.125,117.625
1763,16.125,117.875
1764,16.125,118.125
1765,16.125,118.375
1766,16.125,118.625
1767,16.125,118.875
1768,16.125,119.125
1769,16.125,119.375
1770,16.125,119.625
1771,16.125,119.875
1772,16.125,120.125
1773,16.125,120.375
1774,16.125,120.625
1775,16.125,120.875
1776,16.125,121.125
1777,16.125,121.375
1778,16.125,121.625
1779,16.125,121.875
1780,16.125,122.125
1781,16.125,122.375
1782,16.125,122.625
1783,16.125,122.875
1784,16.125,123.125
1785,16.125,123.375
1786,16.125,123.625
1787,16.125,123.875
1788,16.125,124.125
1789,16.125,124.375
1790,16.125,124.625
1791,16.125,124.875
1792,16.125,125.125
1793,16.125,125.375
1794,16.125,125.625
1795,16.125,125.875
1796,16.125,126.125
1797,16.125,126.375
1798,16.125,126.625
1799,16.125,126.875
1800,16.375,117.125
1801,16.375,117.375
1802,16.375,117.625
1803,16.375,117.875
1804,16.375,118.125
1805,16.375,118.375
1806,16.375,118.625
1807,16.375,118.875
1808,16.375,119.125
1809,16.375,119.375
1810,16.375,119.625
1811,16.375,119.875
1812,16.375,120.125
1813,16.375,120.375
1814,16.375,120.625
1815,16.375,120.875
1816,16.375,121.125
1817,16.375,121.375
1818,16.375,121.625
1819,16.375,121.875
1820,16.375,122.125
1821,16.375,122.375
1822,16.375,122.625
1823,16.375,122.875
1824,16.375,123.125
1825,16.375,123.375
1826,16.375,123.625
1827,16.375,123.875
1828,16.375,124.125
1829,16.375,124.375
1830,16.375,124.625
1831,16.375,124.875
1832,16.375,125.125
1833,16.375,125.375
1834,16.375,125.625
1835,16.375,125.875
1836,16.375,126.125
1837,16.375,126.375
1838,16.375,126.625
1839,16.375,126.875
1840,16.625,117.125
1841,16.625,117.375
1842,16.625,117.625
1843,16.625,117.875
1844,16.625,118.125
1845,16.625,118.375
1846,16.625,118.625
1847,16.625,118.875
1848,16.625,119.125
1849,16.625,119.375
1850,16.625,119.625
1851,16.625,119.875
1852,16.625,120.125
1853,16.625,120.375
1854,16.625,120.625
1855,16.625,120.875
1856,16.625,121.125
1857,16.625,121.375
1858,16.625,121.625
1859,16.625,121.875
1860,16.625,122.125
1861,16.625,122.375
1862,16.625,122.625
1863,16.625,122.875
1864,16.625,123.125
1865,16.625,123.375
1866,16.625,123.625
1867,16.625,123.875
1868,16.625,124.125
1869,16.625,124.375
1870,16.625,124.625
1871,16.625,124.875
1872,16.625,125.125
1873,16.625,125.375
1874,16.625,125.625
1875,16.625,125.875
1876,16.625,126.125
1877,16.625,126.375
1878,16.625,126.625
1879,16.625,126.875
1880,16.875,117.125
1881,16.875,117.375
1882,16.875,117.625
1883,16.875,117.875
1884,16.875,118.125
1885,16.875,118.375
1886,16.875,118.625
1887,16.875,118.875
1888,16.875,119.125
1889,16.875,119.375
1890,16.875,119.625
1891,16.875,119.875
1892,16.875,120.125
1893,16.875,120.375
1894,16.875,120.625
1895,16.875,120.875
1896,16.875,121.125
1897,16.875,121.375
1898,16.875,121.625
1899,16.875,121.875
1900,16.875,122.125
1901,16.875,122.375
1902,16.875,122.625
1903,16.875,122.875
1904,16.875,123.125
1905,16.875,123.375
1906,16.875,123.625
1907,16.875,123.875
1908,16.875,124.125
1909,16.875,124.375
1910,16.875,124.625
1911,16.875,124.875
1912,16.875,125.125
1913,16.875,125.375
1914,16.875,125.625
1915,16.875,125.875
1916,16.875,126.125
1917,16.875,126.375
1918,16.875,126.625
1919,16.875,126.875
1920,17.125,117.125
1921,17.125,117.375
1922,17.125,117.625
1923,17.125,117.875
1924,17.125,118.125
1925,17.125,118.375
1926,17.125,118.625
1927,17.125,118.875
1928,17.125,119.125
1929,17.125,119.375
1930,17.125,119.625
1931,17.125,119.875
1932,17.125,120.125
1933,17.125,120.375
1934,17.125,120.625
1935,17.125,120.875
1936,17.125,121.125
1937,17.125,121.375
1938,17.125,121.625
1939,17.125,121.875
1940,17.125,122.125
1941,17.125,122.375
1942,17.125,122.625
1943,17.125,122.875
1944,17.125,123.125
1945,17.125,123.375
1946,17.125,123.625
1947,17.125,123.875
1948,17.125,124.125
1949,17.125,124.375
1950,17.125,124.625
1951,17.125,124.875
1952,17.125,125.125
1953,17.125,125.375
1954,17.125,125.625
1955,17.125,125.875
1956,17.125,126.125
1957,17.125,126.375
1958,17.125,126.625
1959,17.125,126.875
1960,17.375,117.125
1961,17.375,117.375
1962,17.375,117.625
1963,17.375,117.875
1964,17.375,118.125
1965,17.375,118.375
1966,17.375,118.625
1967,17.375,118.875
1968,17.375,119.125
1969,17.375,119.375
1970,17.375,119.625
1971,17.375,119.875
1972,17.375,120.125
1973,17.375,120.375
1974,17.375,120.625
1975,17.375,120.875
1976,17.375,121.125
1977,17.375,121.375
1978,17.375,121.625
1979,17.375,121.875
1980,17.375,122.125
1981,17.375,122.375
1982,17.375,122.625
1983,17.375,122.875
1984,17.375,123.125
1985,17.375,123.375
1986,17.375,123.625
1987,17.375,123.875
1988,17.375,124.125
1989,17.375,124.375
1990,17.375,124.625
1991,17.375,124.875
1992,17.375,125.125
1993,17.375,125.375
1994,17.375,125.625
1995,17.375,125.875
1996,17.375,126.125
1997,17.375,126.375
1998,17.375,126.625
1999,17.375,126.875
2000,17.625,117.125
2001,17.625,117.375
2002,17.625,117.625
2003,17.625,117.875
2004,17.625,118.125
2005,17.625,118.375
2006,17.625,118.625
2007,17.625,118.875
2008,17.625,119.125
2009,17.625,119.375
2010,17.625,119.625
2011,17.625,119.875
2012,17.625,120.125
2013,17.625,120.375
2014,17.625,120.625
2015,17.625,120.875
2016,17.625,121.125
2017,17.625,121.375
2018,17.625,121.625
2019,17.625,121.875
2020,17.625,122.125
2021,17.625,122.375
2022,17.625,122.625
2023,17.625,122.875
2024,17.625,123.125
2025,17.625,123.375
2026,17.625,123.625
2027,17.625,123.875
2028,17.625,124.125
2029,17.625,124.375
2030,17.625,124.625
2031,17.625,124.875
2032,17.625,125.125
2033,17.625,125.375
2034,17.625,125.625
2035,17.625,125.875
2036,17.625,126.125
2037,17.625,126.375
2038,17.625,126.625
2039,17.625,126.875
2040,17.875,117.125
2041,17.875,117.375
2042,17.875,117.625
2043,17.875,117.875
2044,17.875,118.125
2045,17.875,118.375
2046,17.875,118.625
2047,17.875,118.875
2048,17.875,119.125
2049,17.875,119.375
2050,17.875,119.625
2051,17.875,119.875
2052,17.875,120.125
2053,17.875,120.375
2054,17.875,120.625
2055,17.875,120.875
2056,17.875,121.125
2057,17.875,121.375
2058,17.875,121.625
2059,17.875,121.875
2060,17.875,122.125
2061,17.875,122.375
2062,17.875,122.625
2063,17.875,122.875
2064,17.875,123.125
2065,17.875,123.375
2066,17.875,123.625
2067,17.875,123.875
2068,17.875,124.125
2069,17.875,124.375
2070,17.875,124.625
2071,17.875,124.875
2072,17.875,125.125
2073,17.875,125.375
2074,17.875,125.625
2075,17.875,125.875
2076,17.875,126.125
2077,17.875,126.375
2078,17.875,126.625
2079,17.875,126.875
2080,18.125,117.125
2081,18.125,117.375
2082,18.125,117.625
2083,18.125,117.875
2084,18.125,118.125
2085,18.125,118.375
2086,18.125,118.625
2087,18.125,118.875
2088,18.125,119.125
2089,18.125,119.375
2090,18.125,119.625
2091,18.125,119.875
2092,18.125,120.125
2093,18.125,120.375
2094,18.125,120.625
2095,18.125,120.875
2096,18.125,121.125
2097,18.125,121.375
2098,18.125,121.625
2099,18.125,121.875
2100,18.125,122.125
2101,18.125,122.375
2102,18.125,122.625
2103,18.125,122.875
2104,18.125,123.125
2105,18.125,123.375
2106,18.125,123.625
2107,18.125,123.875
2108,18.125,124.125
2109,18.125,124.375
2110,18.125,124.625
2111,18.125,124.875
2112,18.125,125.125
2113,18.125,125.375
2114,18.125,125.625
2115,18.125,125.875
2116,18.125,126.125
2117,18.125,126.375
2118,18.125,126.625
2119,18.125,126.875
2120,18.375,117.125
2121,18.375,117.375
2122,18.375,117.625
2123,18.375,117.875
2124,18.375,118.125
2125,18.375,118.375
2126,18.375,118.625
2127,18.375,118.875
2128,18.375,119.125
2129,18.375,119.375
2130,18.375,119.625
2131,18.375,119.875
2132,18.375,120.125
2133,18.375,120.375
2134,18.375,120.625
2135,18.375,120.875
2136,18.375,121.125
2137,18.375,121.375
2138,18.375,121.625
2139,18.375,121.875
2140,18.375,122.125
2141,18.375,122.375
2142,18.375,122.625
2143,18.375,122.875
2144,18.375,123.125
2145,18.375,123.375
2146,18.375,123.625
2147,18.375,123.875
2148,18.375,124.125
2149,18.375,124.375
2150,18.375,124.625
2151,18.375,124.875
2152,18.375,125.125
2153,18.375,125.375
2154,18.375,125.625
2155,18.375,125.875
2156,18.375,126.125
2157,18.375,126.375
2158,18.375,126.625
2159,18.375,126.875
2160,18.625,117.125
2161,18.625,117.375
2162,18.625,117.625
2163,18.625,117.875
2164,18.625,118.125
2165,18.625,118.375
2166,18.625,118.625
2167,18.625,118.875
2168,18.625,119.125
2169,18.625,119.375
2170,18.625,119.625
2171,18.625,119.875
2172,18.625,120.125
2173,18.625,120.375
2174,18.625,120.625
2175,18.625,120.875
2176,18.625,121.125
2177,18.625,121.375
2178,18.625,121.625
2179,18.625,121.875
2180,18.625,122.125
2181,18.625,122.375
2182,18.625,122.625
2183,18.625,122.875
2184,18.625,123.125
2185,18.625,123.375
2186,18.625,123.625
2187,18.625,123.875
2188,18.625,124.125
2189,18.625,124.375
2190,18.625,124.625
2191,18.625,124.875
2192,18.625,125.125
2193,18.625,125.375
2194,18.625,125.625
2195,18.625,125.875
2196,18.625,126.125
2197,18.625,126.375
2198,18.625,126.625
2199,18.625,126.875
2200,18.875,117.125
2201,18.875,117.375
2202,18.875,117.625
2203,18.875,117.875
2204,18.875,118.125
2205,18.875,118.375
2206,18.875,118.625
2207,18.875,118.875
2208,18.875,119.125
2209,18.875,119.375
2210,18.875,119.625
2211,18.875,119.875
2212,18.875,120.125
2213,18.875,120.375
2214,18.875,120.625
2215,18.875,120.875
2216,18.875,121.125
2217,18.875,121.375
2218,18.875,121.625
2219,18.875,121.875
2220,18.875,122.125
2221,18.875,122.375
2222,18.875,122.625
2223,18.875,122.875
2224,18.875,123.125
2225,18.875,123.375
2226,18.875,123.625
2227,18.875,123.875
2228,18.875,124.125
2229,18.875,124.375
2230,18.875,124.625
2231,18.875,124.875
2232,18.875,125.125
2233,18.875,125.375
2234,18.875,125.625
2235,18.875,125.875
2236,18.875,126.125
2237,18.875,126.375
2238,18.875,126.625
2239,18.875,126.875
